product_code,1234,y,z
pt,240.133,771.178,0
pt,239.279,771.515,0
pt,238.424,771.852,0
pt,237.57,772.19,0
pt,236.716,772.528,0
pt,235.862,772.867,0
pt,235.009,773.207,0
pt,234.157,773.549,0
pt,233.304,773.892,0
pt,232.453,774.237,0
pt,231.603,774.584,0
pt,230.753,774.933,0
pt,229.904,775.285,0
pt,229.057,775.639,0
pt,228.21,775.997,0
pt,227.365,776.357,0
pt,226.521,776.721,0
pt,225.766,777.05,0
pt,225.012,777.383,0
pt,224.259,777.718,0
pt,223.509,778.058,0
pt,222.759,778.401,0
pt,222.012,778.748,0
pt,221.267,779.1,0
pt,220.524,779.456,0
pt,219.783,779.817,0
pt,219.045,780.183,0
pt,218.309,780.554,0
pt,217.577,780.931,0
pt,216.847,781.314,0
pt,216.121,781.702,0
pt,215.397,782.097,0
pt,214.678,782.499,0
pt,214.022,782.872,0
pt,213.37,783.251,0
pt,212.722,783.635,0
pt,212.076,784.025,0
pt,211.434,784.421,0
pt,210.796,784.823,0
pt,210.161,785.231,0
pt,209.531,785.644,0
pt,208.904,786.063,0
pt,208.282,786.489,0
pt,207.663,786.92,0
pt,207.049,787.358,0
pt,206.44,787.801,0
pt,205.835,788.251,0
pt,205.235,788.706,0
pt,204.64,789.168,0
pt,204.089,789.604,0
pt,203.543,790.046,0
pt,203.001,790.492,0
pt,202.462,790.943,0
pt,201.927,791.398,0
pt,201.395,791.857,0
pt,200.867,792.32,0
pt,200.341,792.787,0
pt,199.819,793.257,0
pt,199.299,793.73,0
pt,198.781,794.205,0
pt,198.266,794.683,0
pt,197.753,795.164,0
pt,197.241,795.646,0
pt,196.732,796.13,0
pt,196.224,796.615,0
pt,195.768,797.053,0
pt,195.312,797.492,0
pt,194.858,797.931,0
pt,194.404,798.37,0
pt,193.95,798.81,0
pt,193.497,799.25,0
pt,193.043,799.69,0
pt,192.589,800.13,0
pt,192.135,800.569,0
pt,191.681,801.007,0
pt,191.225,801.445,0
pt,190.769,801.882,0
pt,190.311,802.318,0
pt,189.852,802.752,0
pt,189.392,803.185,0
pt,188.93,803.617,0
pt,188.534,803.983,0
pt,188.137,804.349,0
pt,187.738,804.712,0
pt,187.338,805.073,0
pt,186.935,805.432,0
pt,186.53,805.789,0
pt,186.123,806.143,0
pt,185.713,806.494,0
pt,185.301,806.842,0
pt,184.886,807.186,0
pt,184.468,807.527,0
pt,184.047,807.864,0
pt,183.622,808.197,0
pt,183.194,808.525,0
pt,182.763,808.849,0
pt,182.327,809.168,0
pt,181.614,809.674,0
pt,180.891,810.166,0
pt,180.157,810.642,0
pt,179.413,811.101,0
pt,178.659,811.542,0
pt,177.894,811.965,0
pt,177.119,812.367,0
pt,176.333,812.748,0
pt,175.619,813.071,0
pt,174.897,813.376,0
pt,174.167,813.664,0
pt,173.431,813.936,0
pt,172.689,814.191,0
pt,171.941,814.43,0
pt,171.188,814.654,0
pt,170.431,814.864,0
pt,169.58,815.08,0
pt,168.725,815.278,0
pt,167.867,815.458,0
pt,167.004,815.618,0
pt,166.139,815.759,0
pt,165.271,815.88,0
pt,164.4,815.981,0
pt,163.528,816.061,0
pt,162.882,816.107,0
pt,162.236,816.142,0
pt,161.589,816.166,0
pt,160.942,816.18,0
pt,160.294,816.185,0
pt,159.646,816.18,0
pt,158.997,816.166,0
pt,158.349,816.143,0
pt,157.701,816.113,0
pt,157.053,816.075,0
pt,156.405,816.03,0
pt,155.757,815.978,0
pt,155.11,815.919,0
pt,154.464,815.855,0
pt,153.818,815.785,0
pt,153.173,815.711,0
pt,152.294,815.601,0
pt,151.417,815.484,0
pt,150.542,815.358,0
pt,149.668,815.224,0
pt,148.795,815.083,0
pt,147.924,814.935,0
pt,147.055,814.779,0
pt,146.186,814.617,0
pt,145.319,814.447,0
pt,144.454,814.272,0
pt,143.589,814.09,0
pt,142.726,813.902,0
pt,141.864,813.709,0
pt,141.004,813.51,0
pt,140.144,813.306,0
pt,139.286,813.097,0
pt,138.339,812.861,0
pt,137.393,812.619,0
pt,136.449,812.371,0
pt,135.507,812.117,0
pt,134.566,811.858,0
pt,133.626,811.593,0
pt,132.688,811.322,0
pt,131.752,811.045,0
pt,130.818,810.763,0
pt,129.885,810.475,0
pt,128.954,810.181,0
pt,128.025,809.882,0
pt,127.098,809.577,0
pt,126.173,809.266,0
pt,125.25,808.95,0
pt,124.329,808.628,0
pt,123.794,808.438,0
pt,123.26,808.246,0
pt,122.726,808.052,0
pt,122.194,807.857,0
pt,121.662,807.66,0
pt,121.13,807.461,0
pt,120.599,807.26,0
pt,120.069,807.058,0
pt,119.54,806.854,0
pt,119.011,806.649,0
pt,118.482,806.442,0
pt,117.955,806.234,0
pt,117.427,806.024,0
pt,116.901,805.812,0
pt,116.375,805.6,0
pt,115.849,805.385,0
pt,115.324,805.17,0
pt,114.799,804.953,0
pt,114.275,804.735,0
pt,113.752,804.516,0
pt,113.229,804.296,0
pt,112.706,804.075,0
pt,112.184,803.852,0
pt,111.662,803.629,0
pt,111.141,803.404,0
pt,110.62,803.178,0
pt,110.099,802.952,0
pt,109.579,802.724,0
pt,109.059,802.496,0
pt,108.54,802.267,0
pt,108.021,802.037,0
pt,107.502,801.806,0
pt,106.9,801.537,0
pt,106.298,801.267,0
pt,105.696,800.996,0
pt,105.095,800.724,0
pt,104.495,800.451,0
pt,103.895,800.177,0
pt,103.295,799.902,0
pt,102.696,799.626,0
pt,102.097,799.349,0
pt,101.499,799.07,0
pt,100.902,798.791,0
pt,100.305,798.511,0
pt,99.7083,798.229,0
pt,99.1123,797.947,0
pt,98.5169,797.663,0
pt,97.922,797.378,0
pt,97.3276,797.092,0
pt,96.7338,796.805,0
pt,96.1406,796.517,0
pt,95.548,796.227,0
pt,94.9559,795.937,0
pt,94.3644,795.645,0
pt,93.7735,795.352,0
pt,93.1832,795.058,0
pt,92.5934,794.763,0
pt,92.0043,794.466,0
pt,91.4158,794.168,0
pt,90.8279,793.869,0
pt,90.2407,793.569,0
pt,89.6541,793.268,0
pt,89.0681,792.965,0
pt,88.4827,792.661,0
pt,87.9076,792.36,0
pt,87.3331,792.059,0
pt,86.7593,791.756,0
pt,86.1862,791.452,0
pt,85.6137,791.147,0
pt,85.0419,790.84,0
pt,84.4708,790.532,0
pt,83.9003,790.223,0
pt,83.3306,789.912,0
pt,82.7617,789.6,0
pt,82.1934,789.287,0
pt,81.6259,788.972,0
pt,81.0592,788.656,0
pt,80.4932,788.339,0
pt,79.928,788.02,0
pt,79.3636,787.7,0
pt,78.8,787.379,0
pt,78.2372,787.056,0
pt,77.6753,786.731,0
pt,77.1141,786.406,0
pt,76.5538,786.078,0
pt,75.9944,785.75,0
pt,75.4358,785.42,0
pt,74.8781,785.088,0
pt,74.3213,784.755,0
pt,73.7654,784.421,0
pt,73.2104,784.085,0
pt,72.6563,783.747,0
pt,72.1031,783.408,0
pt,71.5509,783.067,0
pt,70.9997,782.725,0
pt,70.4494,782.382,0
pt,69.9678,782.079,0
pt,69.4871,781.775,0
pt,69.007,781.471,0
pt,68.5278,781.164,0
pt,68.0493,780.857,0
pt,67.5716,780.549,0
pt,67.0946,780.239,0
pt,66.6185,779.928,0
pt,66.1431,779.616,0
pt,65.6686,779.303,0
pt,65.1948,778.988,0
pt,64.7219,778.672,0
pt,64.2497,778.355,0
pt,63.7784,778.037,0
pt,63.3079,777.718,0
pt,62.8382,777.397,0
pt,62.3694,777.075,0
pt,61.9014,776.752,0
pt,61.4342,776.428,0
pt,60.9679,776.102,0
pt,60.5024,775.775,0
pt,60.0378,775.447,0
pt,59.5741,775.118,0
pt,59.1112,774.788,0
pt,58.6493,774.456,0
pt,58.1882,774.123,0
pt,57.7279,773.789,0
pt,57.2686,773.453,0
pt,56.8102,773.116,0
pt,56.3526,772.778,0
pt,55.896,772.439,0
pt,55.4403,772.099,0
pt,55.0324,771.792,0
pt,54.6253,771.485,0
pt,54.219,771.176,0
pt,53.8134,770.867,0
pt,53.4087,770.556,0
pt,53.0048,770.245,0
pt,52.6017,769.932,0
pt,52.1994,769.618,0
pt,51.798,769.304,0
pt,51.3975,768.988,0
pt,50.9979,768.67,0
pt,50.5992,768.352,0
pt,50.2015,768.033,0
pt,49.8046,767.712,0
pt,49.4088,767.391,0
pt,49.0139,767.068,0
pt,48.62,766.744,0
pt,48.2271,766.419,0
pt,47.8353,766.092,0
pt,47.4445,765.765,0
pt,47.0547,765.436,0
pt,46.666,765.106,0
pt,46.2784,764.774,0
pt,45.892,764.441,0
pt,45.5066,764.108,0
pt,45.1224,763.772,0
pt,44.7393,763.436,0
pt,44.3574,763.098,0
pt,43.9766,762.759,0
pt,43.5971,762.419,0
pt,43.2188,762.077,0
pt,42.8417,761.734,0
pt,42.1243,761.074,0
pt,41.4114,760.409,0
pt,40.7029,759.74,0
pt,39.9987,759.066,0
pt,39.2988,758.388,0
pt,38.603,757.705,0
pt,37.9112,757.018,0
pt,37.2235,756.327,0
pt,36.5397,755.632,0
pt,35.8597,754.933,0
pt,35.1835,754.231,0
pt,34.511,753.525,0
pt,33.842,752.815,0
pt,33.1766,752.102,0
pt,32.5146,751.386,0
pt,31.8559,750.666,0
pt,31.2704,750.021,0
pt,30.6877,749.374,0
pt,30.108,748.724,0
pt,29.5315,748.071,0
pt,28.9583,747.415,0
pt,28.3886,746.756,0
pt,27.8227,746.094,0
pt,27.2607,745.429,0
pt,26.7028,744.76,0
pt,26.1492,744.088,0
pt,25.6,743.413,0
pt,25.0556,742.733,0
pt,24.5159,742.05,0
pt,23.9813,741.363,0
pt,23.452,740.671,0
pt,22.928,739.976,0
pt,22.4652,739.351,0
pt,22.007,738.724,0
pt,21.5534,738.092,0
pt,21.1045,737.458,0
pt,20.6605,736.82,0
pt,20.2213,736.178,0
pt,19.7871,735.533,0
pt,19.3579,734.885,0
pt,18.9339,734.234,0
pt,18.5152,733.579,0
pt,18.1017,732.921,0
pt,17.6937,732.259,0
pt,17.2912,731.595,0
pt,16.8943,730.927,0
pt,16.5031,730.256,0
pt,16.1176,729.582,0
pt,15.6945,728.826,0
pt,15.2785,728.066,0
pt,14.8693,727.303,0
pt,14.4666,726.537,0
pt,14.0701,725.767,0
pt,13.6796,724.994,0
pt,13.2949,724.217,0
pt,12.9156,723.439,0
pt,12.5416,722.657,0
pt,12.1725,721.873,0
pt,11.8082,721.086,0
pt,11.4483,720.298,0
pt,11.0926,719.507,0
pt,10.7409,718.714,0
pt,10.3929,717.92,0
pt,10.0483,717.124,0
pt,9.70779,716.328,0
pt,9.37076,715.531,0
pt,9.03758,714.733,0
pt,8.70858,713.933,0
pt,8.3841,713.131,0
pt,8.06447,712.327,0
pt,7.75004,711.521,0
pt,7.44115,710.714,0
pt,7.13812,709.904,0
pt,6.8413,709.092,0
pt,6.55102,708.278,0
pt,6.26763,707.462,0
pt,5.99146,706.643,0
pt,5.72284,705.822,0
pt,5.46212,704.999,0
pt,5.20964,704.172,0
pt,4.99119,703.432,0
pt,4.77952,702.689,0
pt,4.57456,701.944,0
pt,4.37624,701.197,0
pt,4.18449,700.449,0
pt,3.99925,699.699,0
pt,3.82046,698.947,0
pt,3.64803,698.193,0
pt,3.48191,697.438,0
pt,3.32202,696.682,0
pt,3.1683,695.924,0
pt,3.02069,695.165,0
pt,2.87911,694.405,0
pt,2.74349,693.644,0
pt,2.61377,692.882,0
pt,2.48988,692.119,0
pt,2.35787,691.264,0
pt,2.2329,690.407,0
pt,2.11477,689.549,0
pt,2.00328,688.69,0
pt,1.89823,687.831,0
pt,1.79943,686.971,0
pt,1.70668,686.11,0
pt,1.61977,685.248,0
pt,1.53852,684.386,0
pt,1.46271,683.524,0
pt,1.39216,682.661,0
pt,1.32666,681.798,0
pt,1.26601,680.934,0
pt,1.21002,680.07,0
pt,1.15849,679.205,0
pt,1.11122,678.341,0
pt,1.08119,677.749,0
pt,1.05305,677.156,0
pt,1.02674,676.564,0
pt,1.00224,675.971,0
pt,0.979517,675.379,0
pt,0.95854,674.786,0
pt,0.939277,674.194,0
pt,0.921695,673.601,0
pt,0.905761,673.008,0
pt,0.891445,672.415,0
pt,0.878714,671.823,0
pt,0.867536,671.23,0
pt,0.857879,670.637,0
pt,0.849711,670.044,0
pt,0.842999,669.451,0
pt,0.837713,668.858,0
pt,0.83382,668.265,0
pt,0.831288,667.672,0
pt,0.830085,667.079,0
pt,0.830178,666.486,0
pt,0.831537,665.893,0
pt,0.834128,665.3,0
pt,0.83792,664.707,0
pt,0.842882,664.114,0
pt,0.84898,663.521,0
pt,0.856182,662.928,0
pt,0.864458,662.335,0
pt,0.873775,661.742,0
pt,0.8841,661.149,0
pt,0.895402,660.556,0
pt,0.907649,659.964,0
pt,0.920808,659.371,0
pt,0.938862,658.615,0
pt,0.958325,657.86,0
pt,0.979175,657.104,0
pt,1.00139,656.349,0
pt,1.02495,655.593,0
pt,1.04983,654.838,0
pt,1.076,654.082,0
pt,1.10346,653.327,0
pt,1.13217,652.572,0
pt,1.16211,651.817,0
pt,1.19326,651.062,0
pt,1.22561,650.307,0
pt,1.25911,649.552,0
pt,1.29377,648.797,0
pt,1.32954,648.042,0
pt,1.36642,647.287,0
pt,1.40438,646.532,0
pt,1.44339,645.778,0
pt,1.48344,645.023,0
pt,1.5245,644.268,0
pt,1.56655,643.514,0
pt,1.60957,642.759,0
pt,1.65353,642.005,0
pt,1.69842,641.25,0
pt,1.74421,640.496,0
pt,1.79089,639.742,0
pt,1.83842,638.987,0
pt,1.88679,638.233,0
pt,1.93597,637.479,0
pt,1.98595,636.725,0
pt,2.03669,635.971,0
pt,2.08819,635.217,0
pt,2.14621,634.38,0
pt,2.20511,633.543,0
pt,2.26489,632.706,0
pt,2.32552,631.869,0
pt,2.38698,631.033,0
pt,2.44928,630.196,0
pt,2.51239,629.359,0
pt,2.57629,628.523,0
pt,2.64099,627.686,0
pt,2.70645,626.85,0
pt,2.77267,626.013,0
pt,2.83964,625.177,0
pt,2.90734,624.341,0
pt,2.97575,623.505,0
pt,3.04487,622.668,0
pt,3.11467,621.832,0
pt,3.18516,620.996,0
pt,3.2563,620.16,0
pt,3.32809,619.324,0
pt,3.40052,618.488,0
pt,3.47357,617.653,0
pt,3.54722,616.817,0
pt,3.62147,615.981,0
pt,3.6963,615.145,0
pt,3.77169,614.31,0
pt,3.84763,613.474,0
pt,3.92412,612.639,0
pt,4.00113,611.803,0
pt,4.07864,610.968,0
pt,4.15666,610.132,0
pt,4.23516,609.297,0
pt,4.31413,608.462,0
pt,4.37027,607.871,0
pt,4.42663,607.28,0
pt,4.48321,606.689,0
pt,4.54,606.099,0
pt,4.597,605.508,0
pt,4.6542,604.917,0
pt,4.71161,604.326,0
pt,4.7692,603.736,0
pt,4.82699,603.145,0
pt,4.88496,602.554,0
pt,4.9431,601.964,0
pt,5.00143,601.373,0
pt,5.05991,600.783,0
pt,5.11857,600.192,0
pt,5.17738,599.601,0
pt,5.23635,599.011,0
pt,5.29546,598.42,0
pt,5.35472,597.83,0
pt,5.41412,597.239,0
pt,5.47365,596.649,0
pt,5.53331,596.058,0
pt,5.5931,595.468,0
pt,5.65301,594.877,0
pt,5.71302,594.287,0
pt,5.77315,593.696,0
pt,5.83339,593.106,0
pt,5.89372,592.516,0
pt,5.95415,591.925,0
pt,6.01466,591.335,0
pt,6.07527,590.744,0
pt,6.13595,590.154,0
pt,6.1967,589.564,0
pt,6.25753,588.973,0
pt,6.31842,588.383,0
pt,6.37937,587.792,0
pt,6.44038,587.202,0
pt,6.50143,586.612,0
pt,6.56253,586.021,0
pt,6.62368,585.431,0
pt,6.68485,584.841,0
pt,6.74606,584.25,0
pt,6.80729,583.66,0
pt,6.86854,583.07,0
pt,6.92981,582.479,0
pt,6.99109,581.889,0
pt,7.05237,581.299,0
pt,7.11366,580.708,0
pt,7.17494,580.118,0
pt,7.23621,579.528,0
pt,7.29746,578.937,0
pt,7.3587,578.347,0
pt,7.41991,577.757,0
pt,7.4811,577.166,0
pt,7.54225,576.576,0
pt,7.60336,575.986,0
pt,7.66443,575.395,0
pt,7.72544,574.805,0
pt,7.78641,574.215,0
pt,7.84731,573.624,0
pt,7.90815,573.034,0
pt,7.96893,572.444,0
pt,8.02963,571.853,0
pt,8.09025,571.263,0
pt,8.15078,570.672,0
pt,8.23519,569.848,0
pt,8.31942,569.023,0
pt,8.40348,568.198,0
pt,8.48735,567.374,0
pt,8.57105,566.549,0
pt,8.65457,565.724,0
pt,8.73791,564.9,0
pt,8.82107,564.075,0
pt,8.90404,563.25,0
pt,8.98683,562.425,0
pt,9.06943,561.6,0
pt,9.15184,560.776,0
pt,9.23406,559.951,0
pt,9.31609,559.126,0
pt,9.39792,558.301,0
pt,9.47957,557.476,0
pt,9.56101,556.651,0
pt,9.64226,555.826,0
pt,9.72331,555.001,0
pt,9.80416,554.176,0
pt,9.88481,553.351,0
pt,9.96526,552.526,0
pt,10.0455,551.701,0
pt,10.1255,550.876,0
pt,10.2054,550.051,0
pt,10.285,549.226,0
pt,10.3644,548.401,0
pt,10.4436,547.576,0
pt,10.5226,546.75,0
pt,10.6013,545.925,0
pt,10.6799,545.1,0
pt,10.7582,544.275,0
pt,10.8364,543.449,0
pt,10.9143,542.624,0
pt,10.9919,541.799,0
pt,11.0694,540.974,0
pt,11.1466,540.148,0
pt,11.2236,539.323,0
pt,11.3004,538.498,0
pt,11.3769,537.672,0
pt,11.4532,536.847,0
pt,11.5293,536.021,0
pt,11.6052,535.196,0
pt,11.6808,534.37,0
pt,11.7562,533.545,0
pt,11.8313,532.719,0
pt,11.9062,531.894,0
pt,11.9809,531.068,0
pt,12.0553,530.243,0
pt,12.1295,529.417,0
pt,12.2034,528.591,0
pt,12.2771,527.766,0
pt,12.3505,526.94,0
pt,12.4237,526.114,0
pt,12.4966,525.289,0
pt,12.5693,524.463,0
pt,12.6417,523.637,0
pt,12.7139,522.811,0
pt,12.7858,521.985,0
pt,12.8575,521.16,0
pt,12.9289,520.334,0
pt,13,519.508,0
pt,13.0709,518.682,0
pt,13.1415,517.856,0
pt,13.2194,516.941,0
pt,13.297,516.026,0
pt,13.3742,515.111,0
pt,13.4512,514.196,0
pt,13.5278,513.282,0
pt,13.604,512.367,0
pt,13.68,511.452,0
pt,13.7556,510.536,0
pt,13.8309,509.621,0
pt,13.9059,508.706,0
pt,13.9805,507.791,0
pt,14.0549,506.876,0
pt,14.1289,505.961,0
pt,14.2025,505.046,0
pt,14.2759,504.13,0
pt,14.3489,503.215,0
pt,14.4216,502.3,0
pt,14.494,501.385,0
pt,14.5661,500.469,0
pt,14.6378,499.554,0
pt,14.7092,498.639,0
pt,14.7803,497.723,0
pt,14.851,496.808,0
pt,14.9215,495.892,0
pt,14.9916,494.977,0
pt,15.0614,494.061,0
pt,15.1308,493.146,0
pt,15.2,492.23,0
pt,15.2688,491.315,0
pt,15.3373,490.399,0
pt,15.4054,489.483,0
pt,15.4733,488.568,0
pt,15.5408,487.652,0
pt,15.608,486.736,0
pt,15.6749,485.821,0
pt,15.7414,484.905,0
pt,15.8076,483.989,0
pt,15.8735,483.073,0
pt,15.9391,482.158,0
pt,16.0044,481.242,0
pt,16.0693,480.326,0
pt,16.1339,479.41,0
pt,16.1982,478.494,0
pt,16.2622,477.578,0
pt,16.3258,476.662,0
pt,16.3892,475.746,0
pt,16.4522,474.83,0
pt,16.5148,473.914,0
pt,16.5772,472.998,0
pt,16.6392,472.082,0
pt,16.7009,471.166,0
pt,16.7623,470.25,0
pt,16.8234,469.334,0
pt,16.8841,468.418,0
pt,16.9445,467.502,0
pt,17.0046,466.585,0
pt,17.0644,465.669,0
pt,17.1239,464.753,0
pt,17.183,463.837,0
pt,17.2418,462.92,0
pt,17.3003,462.004,0
pt,17.3585,461.088,0
pt,17.4163,460.172,0
pt,17.4739,459.255,0
pt,17.5269,458.406,0
pt,17.5796,457.558,0
pt,17.632,456.709,0
pt,17.6842,455.86,0
pt,17.7361,455.011,0
pt,17.7878,454.162,0
pt,17.8392,453.313,0
pt,17.8903,452.464,0
pt,17.9412,451.615,0
pt,17.9919,450.766,0
pt,18.0422,449.917,0
pt,18.0924,449.068,0
pt,18.1423,448.219,0
pt,18.1919,447.37,0
pt,18.2413,446.521,0
pt,18.2905,445.672,0
pt,18.3394,444.823,0
pt,18.3881,443.974,0
pt,18.4366,443.125,0
pt,18.4848,442.276,0
pt,18.5328,441.427,0
pt,18.5806,440.578,0
pt,18.6282,439.729,0
pt,18.6755,438.88,0
pt,18.7227,438.03,0
pt,18.7696,437.181,0
pt,18.8163,436.332,0
pt,18.8628,435.483,0
pt,18.9092,434.634,0
pt,18.9553,433.784,0
pt,19.0012,432.935,0
pt,19.0469,432.086,0
pt,19.0924,431.237,0
pt,19.1377,430.388,0
pt,19.1828,429.538,0
pt,19.2278,428.689,0
pt,19.2725,427.84,0
pt,19.3171,426.99,0
pt,19.3615,426.141,0
pt,19.4057,425.292,0
pt,19.4498,424.442,0
pt,19.4937,423.593,0
pt,19.5374,422.744,0
pt,19.5809,421.894,0
pt,19.6243,421.045,0
pt,19.6675,420.196,0
pt,19.7105,419.346,0
pt,19.7534,418.497,0
pt,19.7962,417.648,0
pt,19.8388,416.798,0
pt,19.8812,415.949,0
pt,19.9235,415.099,0
pt,19.9657,414.25,0
pt,20.0077,413.4,0
pt,20.0496,412.551,0
pt,20.0913,411.702,0
pt,20.1329,410.852,0
pt,20.1744,410.003,0
pt,20.2157,409.153,0
pt,20.2569,408.304,0
pt,20.298,407.454,0
pt,20.339,406.605,0
pt,20.3798,405.755,0
pt,20.4206,404.906,0
pt,20.4586,404.111,0
pt,20.4965,403.316,0
pt,20.5343,402.521,0
pt,20.572,401.726,0
pt,20.6096,400.931,0
pt,20.6471,400.136,0
pt,20.6845,399.341,0
pt,20.7218,398.546,0
pt,20.759,397.751,0
pt,20.7961,396.956,0
pt,20.8331,396.161,0
pt,20.8699,395.366,0
pt,20.9067,394.571,0
pt,20.9433,393.776,0
pt,20.9799,392.981,0
pt,21.0163,392.186,0
pt,21.0526,391.391,0
pt,21.0888,390.596,0
pt,21.1249,389.801,0
pt,21.1608,389.006,0
pt,21.1967,388.211,0
pt,21.2324,387.416,0
pt,21.268,386.621,0
pt,21.3035,385.826,0
pt,21.3388,385.031,0
pt,21.3741,384.236,0
pt,21.4092,383.441,0
pt,21.4442,382.646,0
pt,21.4791,381.851,0
pt,21.5138,381.055,0
pt,21.5484,380.26,0
pt,21.5829,379.465,0
pt,21.6173,378.67,0
pt,21.6515,377.875,0
pt,21.6856,377.08,0
pt,21.7196,376.285,0
pt,21.7535,375.49,0
pt,21.7872,374.695,0
pt,21.8208,373.899,0
pt,21.8542,373.104,0
pt,21.8875,372.309,0
pt,21.9207,371.514,0
pt,21.9537,370.719,0
pt,21.9866,369.924,0
pt,22.0194,369.129,0
pt,22.052,368.333,0
pt,22.0845,367.538,0
pt,22.1169,366.743,0
pt,22.1491,365.948,0
pt,22.1811,365.153,0
pt,22.213,364.357,0
pt,22.2448,363.562,0
pt,22.2764,362.767,0
pt,22.3079,361.972,0
pt,22.3393,361.177,0
pt,22.3704,360.381,0
pt,22.4015,359.586,0
pt,22.4324,358.791,0
pt,22.4631,357.996,0
pt,22.4937,357.2,0
pt,22.5241,356.405,0
pt,22.5544,355.61,0
pt,22.5845,354.815,0
pt,22.6145,354.019,0
pt,22.6463,353.169,0
pt,22.678,352.32,0
pt,22.7095,351.47,0
pt,22.7408,350.62,0
pt,22.772,349.77,0
pt,22.8029,348.92,0
pt,22.8337,348.07,0
pt,22.8643,347.22,0
pt,22.8947,346.37,0
pt,22.925,345.52,0
pt,22.955,344.67,0
pt,22.9849,343.82,0
pt,23.0146,342.97,0
pt,23.0441,342.12,0
pt,23.0735,341.27,0
pt,23.1026,340.42,0
pt,23.1316,339.57,0
pt,23.1604,338.72,0
pt,23.189,337.87,0
pt,23.2174,337.02,0
pt,23.2457,336.169,0
pt,23.2737,335.319,0
pt,23.3016,334.469,0
pt,23.3293,333.619,0
pt,23.3568,332.769,0
pt,23.3841,331.919,0
pt,23.4112,331.069,0
pt,23.4382,330.219,0
pt,23.465,329.369,0
pt,23.4915,328.519,0
pt,23.5179,327.669,0
pt,23.5441,326.818,0
pt,23.5702,325.968,0
pt,23.596,325.118,0
pt,23.6217,324.268,0
pt,23.6471,323.418,0
pt,23.6724,322.568,0
pt,23.6975,321.718,0
pt,23.7224,320.867,0
pt,23.7471,320.017,0
pt,23.7716,319.167,0
pt,23.796,318.317,0
pt,23.8201,317.467,0
pt,23.8441,316.616,0
pt,23.8679,315.766,0
pt,23.8914,314.916,0
pt,23.9148,314.066,0
pt,23.938,313.216,0
pt,23.9611,312.365,0
pt,23.9839,311.515,0
pt,24.0065,310.665,0
pt,24.029,309.815,0
pt,24.0512,308.964,0
pt,24.0733,308.114,0
pt,24.0951,307.264,0
pt,24.1168,306.414,0
pt,24.1383,305.563,0
pt,24.1596,304.713,0
pt,24.1807,303.863,0
pt,24.2016,303.012,0
pt,24.2223,302.162,0
pt,24.2428,301.312,0
pt,24.2632,300.462,0
pt,24.2833,299.611,0
pt,24.3023,298.801,0
pt,24.3211,297.992,0
pt,24.3398,297.182,0
pt,24.3582,296.372,0
pt,24.3765,295.562,0
pt,24.3946,294.753,0
pt,24.4125,293.943,0
pt,24.4302,293.133,0
pt,24.4477,292.323,0
pt,24.465,291.513,0
pt,24.4822,290.704,0
pt,24.4991,289.894,0
pt,24.5158,289.084,0
pt,24.5324,288.274,0
pt,24.5487,287.464,0
pt,24.5648,286.655,0
pt,24.5807,285.845,0
pt,24.5964,285.035,0
pt,24.6119,284.225,0
pt,24.6272,283.415,0
pt,24.6423,282.605,0
pt,24.6572,281.796,0
pt,24.6718,280.986,0
pt,24.6862,280.176,0
pt,24.7004,279.366,0
pt,24.7144,278.556,0
pt,24.7281,277.746,0
pt,24.7416,276.936,0
pt,24.7549,276.126,0
pt,24.768,275.317,0
pt,24.7808,274.507,0
pt,24.7934,273.697,0
pt,24.8057,272.887,0
pt,24.8178,272.077,0
pt,24.8297,271.267,0
pt,24.8413,270.457,0
pt,24.8527,269.647,0
pt,24.8638,268.838,0
pt,24.8747,268.028,0
pt,24.8854,267.218,0
pt,24.8957,266.408,0
pt,24.9059,265.598,0
pt,24.9157,264.788,0
pt,24.9253,263.978,0
pt,24.9347,263.168,0
pt,24.9438,262.358,0
pt,24.9526,261.548,0
pt,24.9611,260.738,0
pt,24.9694,259.929,0
pt,24.9774,259.119,0
pt,24.9852,258.309,0
pt,24.9926,257.499,0
pt,24.9998,256.689,0
pt,25.0067,255.879,0
pt,25.0134,255.069,0
pt,25.0197,254.259,0
pt,25.0258,253.449,0
pt,25.0316,252.639,0
pt,25.0371,251.829,0
pt,25.0423,251.019,0
pt,25.0472,250.209,0
pt,25.0518,249.399,0
pt,25.0561,248.589,0
pt,25.0601,247.78,0
pt,25.0635,247.059,0
pt,25.0665,246.338,0
pt,25.0694,245.618,0
pt,25.0721,244.897,0
pt,25.0745,244.176,0
pt,25.0767,243.456,0
pt,25.0787,242.735,0
pt,25.0804,242.014,0
pt,25.082,241.294,0
pt,25.0834,240.573,0
pt,25.0845,239.852,0
pt,25.0855,239.132,0
pt,25.0863,238.411,0
pt,25.0869,237.69,0
pt,25.0873,236.969,0
pt,25.0875,236.249,0
pt,25.0876,235.528,0
pt,25.0875,234.807,0
pt,25.0872,234.087,0
pt,25.0867,233.366,0
pt,25.0861,232.645,0
pt,25.0854,231.925,0
pt,25.0844,231.204,0
pt,25.0834,230.483,0
pt,25.0822,229.763,0
pt,25.0808,229.042,0
pt,25.0793,228.321,0
pt,25.0777,227.601,0
pt,25.0759,226.88,0
pt,25.0741,226.159,0
pt,25.0721,225.439,0
pt,25.0699,224.718,0
pt,25.0677,223.997,0
pt,25.0654,223.277,0
pt,25.0629,222.556,0
pt,25.0603,221.835,0
pt,25.0577,221.115,0
pt,25.0549,220.394,0
pt,25.0521,219.673,0
pt,25.0492,218.952,0
pt,25.0462,218.232,0
pt,25.0431,217.511,0
pt,25.0399,216.79,0
pt,25.0366,216.07,0
pt,25.0333,215.349,0
pt,25.03,214.628,0
pt,25.0265,213.908,0
pt,25.023,213.187,0
pt,25.0195,212.466,0
pt,25.0159,211.746,0
pt,25.0122,211.025,0
pt,25.0086,210.304,0
pt,25.0048,209.584,0
pt,25.0011,208.863,0
pt,24.9973,208.142,0
pt,24.9935,207.422,0
pt,24.9897,206.701,0
pt,24.9858,205.98,0
pt,24.9819,205.26,0
pt,24.9781,204.539,0
pt,24.9742,203.818,0
pt,24.9703,203.097,0
pt,24.9664,202.377,0
pt,24.9625,201.656,0
pt,24.9581,200.846,0
pt,24.9538,200.036,0
pt,24.9495,199.226,0
pt,24.9452,198.416,0
pt,24.9409,197.606,0
pt,24.9366,196.796,0
pt,24.9323,195.986,0
pt,24.9281,195.175,0
pt,24.9239,194.365,0
pt,24.9197,193.555,0
pt,24.9156,192.745,0
pt,24.9115,191.935,0
pt,24.9074,191.125,0
pt,24.9034,190.315,0
pt,24.8994,189.505,0
pt,24.8954,188.695,0
pt,24.8915,187.885,0
pt,24.8876,187.075,0
pt,24.8838,186.265,0
pt,24.8801,185.455,0
pt,24.8763,184.644,0
pt,24.8727,183.834,0
pt,24.8691,183.024,0
pt,24.8655,182.214,0
pt,24.862,181.404,0
pt,24.8586,180.594,0
pt,24.8552,179.784,0
pt,24.8519,178.974,0
pt,24.8487,178.164,0
pt,24.8455,177.354,0
pt,24.8425,176.544,0
pt,24.8394,175.734,0
pt,24.8365,174.924,0
pt,24.8337,174.113,0
pt,24.8309,173.303,0
pt,24.8282,172.493,0
pt,24.8256,171.683,0
pt,24.8231,170.873,0
pt,24.8206,170.063,0
pt,24.8183,169.253,0
pt,24.816,168.443,0
pt,24.8139,167.633,0
pt,24.8118,166.823,0
pt,24.8099,166.013,0
pt,24.808,165.203,0
pt,24.8063,164.393,0
pt,24.8046,163.583,0
pt,24.8031,162.772,0
pt,24.8016,161.962,0
pt,24.8003,161.152,0
pt,24.7991,160.342,0
pt,24.798,159.532,0
pt,24.7971,158.722,0
pt,24.7962,157.912,0
pt,24.7955,157.102,0
pt,24.7949,156.292,0
pt,24.7944,155.482,0
pt,24.7941,154.672,0
pt,24.7938,153.862,0
pt,24.7938,153.052,0
pt,24.7938,152.242,0
pt,24.794,151.431,0
pt,24.7943,150.621,0
pt,24.7948,149.811,0
pt,24.7954,149.001,0
pt,24.7962,148.191,0
pt,24.797,147.381,0
pt,24.7981,146.571,0
pt,24.7992,145.761,0
pt,24.8005,144.951,0
pt,24.8019,144.141,0
pt,24.8035,143.331,0
pt,24.8052,142.521,0
pt,24.807,141.711,0
pt,24.8089,140.901,0
pt,24.811,140.091,0
pt,24.8131,139.281,0
pt,24.8154,138.471,0
pt,24.8178,137.661,0
pt,24.8203,136.851,0
pt,24.8229,136.041,0
pt,24.8257,135.231,0
pt,24.8285,134.421,0
pt,24.8314,133.611,0
pt,24.8345,132.801,0
pt,24.8376,131.991,0
pt,24.8409,131.181,0
pt,24.8442,130.371,0
pt,24.8477,129.561,0
pt,24.8512,128.751,0
pt,24.8548,127.941,0
pt,24.8585,127.131,0
pt,24.8623,126.321,0
pt,24.8662,125.511,0
pt,24.8702,124.7,0
pt,24.8742,123.89,0
pt,24.8783,123.08,0
pt,24.8825,122.27,0
pt,24.8868,121.46,0
pt,24.8912,120.65,0
pt,24.8956,119.84,0
pt,24.9001,119.03,0
pt,24.9046,118.22,0
pt,24.9092,117.41,0
pt,24.9139,116.6,0
pt,24.9187,115.79,0
pt,24.9235,114.98,0
pt,24.9283,114.17,0
pt,24.9332,113.36,0
pt,24.9382,112.55,0
pt,24.9432,111.74,0
pt,24.9483,110.93,0
pt,24.9534,110.12,0
pt,24.9586,109.31,0
pt,24.9638,108.5,0
pt,24.969,107.69,0
pt,24.9743,106.88,0
pt,24.9796,106.07,0
pt,24.9849,105.26,0
pt,24.9903,104.45,0
pt,24.9957,103.64,0
pt,25.0012,102.83,0
pt,25.0067,102.02,0
pt,25.0122,101.21,0
pt,25.0177,100.4,0
pt,25.0232,99.5896,0
pt,25.0288,98.7796,0
pt,25.0343,97.9695,0
pt,25.0393,97.2489,0
pt,25.0443,96.5283,0
pt,25.0493,95.8077,0
pt,25.0543,95.087,0
pt,25.0592,94.3664,0
pt,25.0642,93.6458,0
pt,25.0692,92.9251,0
pt,25.0742,92.2045,0
pt,25.0791,91.4839,0
pt,25.084,90.7632,0
pt,25.0889,90.0426,0
pt,25.0938,89.322,0
pt,25.0986,88.6014,0
pt,25.1035,87.8807,0
pt,25.1082,87.1601,0
pt,25.113,86.4395,0
pt,25.1177,85.7188,0
pt,25.1223,84.9982,0
pt,25.1269,84.2776,0
pt,25.1315,83.5569,0
pt,25.1359,82.8363,0
pt,25.1404,82.1157,0
pt,25.1447,81.3951,0
pt,25.149,80.6744,0
pt,25.1533,79.9538,0
pt,25.1574,79.2332,0
pt,25.1615,78.5125,0
pt,25.1655,77.7919,0
pt,25.1694,77.0713,0
pt,25.1733,76.3507,0
pt,25.177,75.63,0
pt,25.1806,74.9094,0
pt,25.1842,74.1888,0
pt,25.1876,73.4681,0
pt,25.191,72.7475,0
pt,25.1942,72.0269,0
pt,25.1973,71.3063,0
pt,25.2004,70.5856,0
pt,25.2033,69.865,0
pt,25.206,69.1444,0
pt,25.2087,68.4237,0
pt,25.2112,67.7031,0
pt,25.2136,66.9825,0
pt,25.2158,66.2619,0
pt,25.218,65.5412,0
pt,25.2199,64.8206,0
pt,25.2218,64.1,0
pt,25.2234,63.3794,0
pt,25.225,62.6587,0
pt,25.2263,61.9381,0
pt,25.2276,61.2175,0
pt,25.2286,60.4969,0
pt,25.2295,59.7762,0
pt,25.2302,59.0556,0
pt,25.2308,58.335,0
pt,25.2312,57.6144,0
pt,25.2313,56.8938,0
pt,25.2314,56.1731,0
pt,25.2312,55.4525,0
pt,25.2308,54.7319,0
pt,25.2303,54.0113,0
pt,25.2295,53.2907,0
pt,25.2286,52.57,0
pt,25.2274,51.8494,0
pt,25.2259,51.0395,0
pt,25.2241,50.2295,0
pt,25.222,49.4195,0
pt,25.2197,48.6096,0
pt,25.2172,47.7996,0
pt,25.2144,46.9897,0
pt,25.2114,46.1797,0
pt,25.2081,45.3698,0
pt,25.2047,44.5598,0
pt,25.201,43.7499,0
pt,25.1971,42.9399,0
pt,25.1929,42.13,0
pt,25.1886,41.32,0
pt,25.184,40.5101,0
pt,25.1793,39.7001,0
pt,25.1743,38.8902,0
pt,25.1692,38.0802,0
pt,25.1638,37.2703,0
pt,25.1583,36.4604,0
pt,25.1526,35.6504,0
pt,25.1467,34.8405,0
pt,25.1406,34.0305,0
pt,25.1344,33.2206,0
pt,25.128,32.4106,0
pt,25.1214,31.6007,0
pt,25.1147,30.7907,0
pt,25.1078,29.9808,0
pt,25.1008,29.1709,0
pt,25.0936,28.3609,0
pt,25.0863,27.551,0
pt,25.0788,26.741,0
pt,25.0712,25.9311,0
pt,25.0635,25.1211,0
pt,25.0556,24.3112,0
pt,25.0477,23.5013,0
pt,25.0396,22.6913,0
pt,25.0314,21.8814,0
pt,25.0231,21.0714,0
pt,25.0146,20.2615,0
pt,25.0061,19.4516,0
pt,24.9975,18.6416,0
pt,24.9888,17.8317,0
pt,24.98,17.0218,0
pt,24.9711,16.2118,0
pt,24.9621,15.4019,0
pt,24.9531,14.5919,0
pt,24.944,13.782,0
pt,24.9348,12.9721,0
pt,24.9255,12.1621,0
pt,24.9162,11.3522,0
pt,24.9069,10.5422,0
pt,24.8974,9.73231,0
pt,24.888,8.92238,0
pt,24.8784,8.11244,0
pt,24.8689,7.3025,0
pt,24.8593,6.49257,0
pt,24.8497,5.68263,0
pt,24.84,4.87269,0
pt,24.8303,4.06276,0
pt,24.8206,3.25282,0
pt,24.8109,2.44288,0
pt,24.8012,1.63295,0
pt,24.7915,0.823011,0
pt,24.7817,0.0130752,0